question,answer,category
"Wifi quán tên gì, mật khẩu là gì?","Wifi miễn phí tên 'Highlands_FreeWifi', mật khẩu 'highlands123', áp dụng tại mọi chi nhánh.",Wifi
"Cho em hỏi wifi quán tên gì, mật khẩu là gì?","Wifi miễn phí tên 'Highlands_FreeWifi', mật khẩu 'highlands123', áp dụng tại mọi chi nhánh.",Wifi
"Anh/chị ơi, wifi quán tên gì, mật khẩu là gì?","Wifi miễn phí tên 'Highlands_FreeWifi', mật khẩu 'highlands123', áp dụng tại mọi chi nhánh.",Wifi
"Excuse me, Wifi quán tên gì, mật khẩu là gì?","Wifi miễn phí tên 'Highlands_FreeWifi', mật khẩu 'highlands123', áp dụng tại mọi chi nhánh.",Wifi
"Wifi quán tên gì, mật khẩu là gì? Cảm ơn shop.","Wifi miễn phí tên 'Highlands_FreeWifi', mật khẩu 'highlands123', áp dụng tại mọi chi nhánh.",Wifi
"Mình muốn biết wifi quán tên gì, mật khẩu là gì?","Wifi miễn phí tên 'Highlands_FreeWifi', mật khẩu 'highlands123', áp dụng tại mọi chi nhánh.",Wifi
"Xin hỏi wifi quán tên gì, mật khẩu là gì?","Wifi miễn phí tên 'Highlands_FreeWifi', mật khẩu 'highlands123', áp dụng tại mọi chi nhánh.",Wifi
"Không biết wifi quán tên gì, mật khẩu là gì? vậy ạ?","Wifi miễn phí tên 'Highlands_FreeWifi', mật khẩu 'highlands123', áp dụng tại mọi chi nhánh.",Wifi
"Wifi quán tên gì, mật khẩu là gì? (hỏi giúp bạn mình)","Wifi miễn phí tên 'Highlands_FreeWifi', mật khẩu 'highlands123', áp dụng tại mọi chi nhánh.",Wifi
"Làm ơn cho hỏi wifi quán tên gì, mật khẩu là gì?","Wifi miễn phí tên 'Highlands_FreeWifi', mật khẩu 'highlands123', áp dụng tại mọi chi nhánh.",Wifi
"Quán mở cửa mấy giờ, đóng cửa mấy giờ?","Quán mở cửa từ 6:30 sáng đến 22:00 mỗi ngày, kể cả cuối tuần và ngày lễ.",Giờ mở cửa
"Cho em hỏi quán mở cửa mấy giờ, đóng cửa mấy giờ?","Quán mở cửa từ 6:30 sáng đến 22:00 mỗi ngày, kể cả cuối tuần và ngày lễ.",Giờ mở cửa
"Anh/chị ơi, quán mở cửa mấy giờ, đóng cửa mấy giờ?","Quán mở cửa từ 6:30 sáng đến 22:00 mỗi ngày, kể cả cuối tuần và ngày lễ.",Giờ mở cửa
"Excuse me, Quán mở cửa mấy giờ, đóng cửa mấy giờ?","Quán mở cửa từ 6:30 sáng đến 22:00 mỗi ngày, kể cả cuối tuần và ngày lễ.",Giờ mở cửa
"Quán mở cửa mấy giờ, đóng cửa mấy giờ? Cảm ơn shop.","Quán mở cửa từ 6:30 sáng đến 22:00 mỗi ngày, kể cả cuối tuần và ngày lễ.",Giờ mở cửa
"Mình muốn biết quán mở cửa mấy giờ, đóng cửa mấy giờ?","Quán mở cửa từ 6:30 sáng đến 22:00 mỗi ngày, kể cả cuối tuần và ngày lễ.",Giờ mở cửa
"Xin hỏi quán mở cửa mấy giờ, đóng cửa mấy giờ?","Quán mở cửa từ 6:30 sáng đến 22:00 mỗi ngày, kể cả cuối tuần và ngày lễ.",Giờ mở cửa
"Không biết quán mở cửa mấy giờ, đóng cửa mấy giờ? vậy ạ?","Quán mở cửa từ 6:30 sáng đến 22:00 mỗi ngày, kể cả cuối tuần và ngày lễ.",Giờ mở cửa
"Quán mở cửa mấy giờ, đóng cửa mấy giờ? (hỏi giúp bạn mình)","Quán mở cửa từ 6:30 sáng đến 22:00 mỗi ngày, kể cả cuối tuần và ngày lễ.",Giờ mở cửa
"Làm ơn cho hỏi quán mở cửa mấy giờ, đóng cửa mấy giờ?","Quán mở cửa từ 6:30 sáng đến 22:00 mỗi ngày, kể cả cuối tuần và ngày lễ.",Giờ mở cửa
Highlands Coffee chi nhánh gần đây nhất ở đâu?,"Bạn có thể tra chi nhánh gần nhất qua app Highlands Coffee hoặc fanpage chính thức, có bản đồ chỉ đường.",Địa chỉ
Cho em hỏi highlands Coffee chi nhánh gần đây nhất ở đâu?,"Bạn có thể tra chi nhánh gần nhất qua app Highlands Coffee hoặc fanpage chính thức, có bản đồ chỉ đường.",Địa chỉ
"Anh/chị ơi, highlands Coffee chi nhánh gần đây nhất ở đâu?","Bạn có thể tra chi nhánh gần nhất qua app Highlands Coffee hoặc fanpage chính thức, có bản đồ chỉ đường.",Địa chỉ
"Excuse me, Highlands Coffee chi nhánh gần đây nhất ở đâu?","Bạn có thể tra chi nhánh gần nhất qua app Highlands Coffee hoặc fanpage chính thức, có bản đồ chỉ đường.",Địa chỉ
Highlands Coffee chi nhánh gần đây nhất ở đâu? Cảm ơn shop.,"Bạn có thể tra chi nhánh gần nhất qua app Highlands Coffee hoặc fanpage chính thức, có bản đồ chỉ đường.",Địa chỉ
Mình muốn biết highlands Coffee chi nhánh gần đây nhất ở đâu?,"Bạn có thể tra chi nhánh gần nhất qua app Highlands Coffee hoặc fanpage chính thức, có bản đồ chỉ đường.",Địa chỉ
Xin hỏi highlands Coffee chi nhánh gần đây nhất ở đâu?,"Bạn có thể tra chi nhánh gần nhất qua app Highlands Coffee hoặc fanpage chính thức, có bản đồ chỉ đường.",Địa chỉ
Không biết highlands Coffee chi nhánh gần đây nhất ở đâu? vậy ạ?,"Bạn có thể tra chi nhánh gần nhất qua app Highlands Coffee hoặc fanpage chính thức, có bản đồ chỉ đường.",Địa chỉ
Highlands Coffee chi nhánh gần đây nhất ở đâu? (hỏi giúp bạn mình),"Bạn có thể tra chi nhánh gần nhất qua app Highlands Coffee hoặc fanpage chính thức, có bản đồ chỉ đường.",Địa chỉ
Làm ơn cho hỏi highlands Coffee chi nhánh gần đây nhất ở đâu?,"Bạn có thể tra chi nhánh gần nhất qua app Highlands Coffee hoặc fanpage chính thức, có bản đồ chỉ đường.",Địa chỉ
"Quán có chỗ gửi xe không, có mất phí không?","Quán có chỗ giữ xe máy miễn phí phía sau hoặc trước cửa hàng, có bảo vệ trông xe tại các chi nhánh lớn.",Gửi xe
"Cho em hỏi quán có chỗ gửi xe không, có mất phí không?","Quán có chỗ giữ xe máy miễn phí phía sau hoặc trước cửa hàng, có bảo vệ trông xe tại các chi nhánh lớn.",Gửi xe
"Anh/chị ơi, quán có chỗ gửi xe không, có mất phí không?","Quán có chỗ giữ xe máy miễn phí phía sau hoặc trước cửa hàng, có bảo vệ trông xe tại các chi nhánh lớn.",Gửi xe
"Excuse me, Quán có chỗ gửi xe không, có mất phí không?","Quán có chỗ giữ xe máy miễn phí phía sau hoặc trước cửa hàng, có bảo vệ trông xe tại các chi nhánh lớn.",Gửi xe
"Quán có chỗ gửi xe không, có mất phí không? Cảm ơn shop.","Quán có chỗ giữ xe máy miễn phí phía sau hoặc trước cửa hàng, có bảo vệ trông xe tại các chi nhánh lớn.",Gửi xe
"Mình muốn biết quán có chỗ gửi xe không, có mất phí không?","Quán có chỗ giữ xe máy miễn phí phía sau hoặc trước cửa hàng, có bảo vệ trông xe tại các chi nhánh lớn.",Gửi xe
"Xin hỏi quán có chỗ gửi xe không, có mất phí không?","Quán có chỗ giữ xe máy miễn phí phía sau hoặc trước cửa hàng, có bảo vệ trông xe tại các chi nhánh lớn.",Gửi xe
"Không biết quán có chỗ gửi xe không, có mất phí không? vậy ạ?","Quán có chỗ giữ xe máy miễn phí phía sau hoặc trước cửa hàng, có bảo vệ trông xe tại các chi nhánh lớn.",Gửi xe
"Quán có chỗ gửi xe không, có mất phí không? (hỏi giúp bạn mình)","Quán có chỗ giữ xe máy miễn phí phía sau hoặc trước cửa hàng, có bảo vệ trông xe tại các chi nhánh lớn.",Gửi xe
"Làm ơn cho hỏi quán có chỗ gửi xe không, có mất phí không?","Quán có chỗ giữ xe máy miễn phí phía sau hoặc trước cửa hàng, có bảo vệ trông xe tại các chi nhánh lớn.",Gửi xe
Quán nhận thanh toán bằng những hình thức nào?,"Highlands Coffee nhận tiền mặt, thẻ ngân hàng, và ví điện tử (Momo, ZaloPay, VNPay, ShopeePay).",Thanh toán
Cho em hỏi quán nhận thanh toán bằng những hình thức nào?,"Highlands Coffee nhận tiền mặt, thẻ ngân hàng, và ví điện tử (Momo, ZaloPay, VNPay, ShopeePay).",Thanh toán
"Anh/chị ơi, quán nhận thanh toán bằng những hình thức nào?","Highlands Coffee nhận tiền mặt, thẻ ngân hàng, và ví điện tử (Momo, ZaloPay, VNPay, ShopeePay).",Thanh toán
"Excuse me, Quán nhận thanh toán bằng những hình thức nào?","Highlands Coffee nhận tiền mặt, thẻ ngân hàng, và ví điện tử (Momo, ZaloPay, VNPay, ShopeePay).",Thanh toán
Quán nhận thanh toán bằng những hình thức nào? Cảm ơn shop.,"Highlands Coffee nhận tiền mặt, thẻ ngân hàng, và ví điện tử (Momo, ZaloPay, VNPay, ShopeePay).",Thanh toán
Mình muốn biết quán nhận thanh toán bằng những hình thức nào?,"Highlands Coffee nhận tiền mặt, thẻ ngân hàng, và ví điện tử (Momo, ZaloPay, VNPay, ShopeePay).",Thanh toán
Xin hỏi quán nhận thanh toán bằng những hình thức nào?,"Highlands Coffee nhận tiền mặt, thẻ ngân hàng, và ví điện tử (Momo, ZaloPay, VNPay, ShopeePay).",Thanh toán
Không biết quán nhận thanh toán bằng những hình thức nào? vậy ạ?,"Highlands Coffee nhận tiền mặt, thẻ ngân hàng, và ví điện tử (Momo, ZaloPay, VNPay, ShopeePay).",Thanh toán
Quán nhận thanh toán bằng những hình thức nào? (hỏi giúp bạn mình),"Highlands Coffee nhận tiền mặt, thẻ ngân hàng, và ví điện tử (Momo, ZaloPay, VNPay, ShopeePay).",Thanh toán
Làm ơn cho hỏi quán nhận thanh toán bằng những hình thức nào?,"Highlands Coffee nhận tiền mặt, thẻ ngân hàng, và ví điện tử (Momo, ZaloPay, VNPay, ShopeePay).",Thanh toán
"Có thể đặt bàn trước không, đặt bàn tiệc sinh nhật thế nào?",Có thể đặt bàn qua hotline hoặc app. Đặt bàn tiệc sinh nhật/nhóm đông cần báo trước ít nhất 2 tiếng.,Đặt bàn
"Cho em hỏi có thể đặt bàn trước không, đặt bàn tiệc sinh nhật thế nào?",Có thể đặt bàn qua hotline hoặc app. Đặt bàn tiệc sinh nhật/nhóm đông cần báo trước ít nhất 2 tiếng.,Đặt bàn
"Anh/chị ơi, có thể đặt bàn trước không, đặt bàn tiệc sinh nhật thế nào?",Có thể đặt bàn qua hotline hoặc app. Đặt bàn tiệc sinh nhật/nhóm đông cần báo trước ít nhất 2 tiếng.,Đặt bàn
"Excuse me, Có thể đặt bàn trước không, đặt bàn tiệc sinh nhật thế nào?",Có thể đặt bàn qua hotline hoặc app. Đặt bàn tiệc sinh nhật/nhóm đông cần báo trước ít nhất 2 tiếng.,Đặt bàn
"Có thể đặt bàn trước không, đặt bàn tiệc sinh nhật thế nào? Cảm ơn shop.",Có thể đặt bàn qua hotline hoặc app. Đặt bàn tiệc sinh nhật/nhóm đông cần báo trước ít nhất 2 tiếng.,Đặt bàn
"Mình muốn biết có thể đặt bàn trước không, đặt bàn tiệc sinh nhật thế nào?",Có thể đặt bàn qua hotline hoặc app. Đặt bàn tiệc sinh nhật/nhóm đông cần báo trước ít nhất 2 tiếng.,Đặt bàn
"Xin hỏi có thể đặt bàn trước không, đặt bàn tiệc sinh nhật thế nào?",Có thể đặt bàn qua hotline hoặc app. Đặt bàn tiệc sinh nhật/nhóm đông cần báo trước ít nhất 2 tiếng.,Đặt bàn
"Không biết có thể đặt bàn trước không, đặt bàn tiệc sinh nhật thế nào? vậy ạ?",Có thể đặt bàn qua hotline hoặc app. Đặt bàn tiệc sinh nhật/nhóm đông cần báo trước ít nhất 2 tiếng.,Đặt bàn
"Có thể đặt bàn trước không, đặt bàn tiệc sinh nhật thế nào? (hỏi giúp bạn mình)",Có thể đặt bàn qua hotline hoặc app. Đặt bàn tiệc sinh nhật/nhóm đông cần báo trước ít nhất 2 tiếng.,Đặt bàn
"Làm ơn cho hỏi có thể đặt bàn trước không, đặt bàn tiệc sinh nhật thế nào?",Có thể đặt bàn qua hotline hoặc app. Đặt bàn tiệc sinh nhật/nhóm đông cần báo trước ít nhất 2 tiếng.,Đặt bàn
Highlands Coffee có giao hàng tận nơi không?,"Có, đặt qua app Highlands Coffee, GrabFood, ShopeeFood hoặc Baemin, giao trong bán kính 3km quanh chi nhánh.",Giao hàng
Cho em hỏi highlands Coffee có giao hàng tận nơi không?,"Có, đặt qua app Highlands Coffee, GrabFood, ShopeeFood hoặc Baemin, giao trong bán kính 3km quanh chi nhánh.",Giao hàng
"Anh/chị ơi, highlands Coffee có giao hàng tận nơi không?","Có, đặt qua app Highlands Coffee, GrabFood, ShopeeFood hoặc Baemin, giao trong bán kính 3km quanh chi nhánh.",Giao hàng
"Excuse me, Highlands Coffee có giao hàng tận nơi không?","Có, đặt qua app Highlands Coffee, GrabFood, ShopeeFood hoặc Baemin, giao trong bán kính 3km quanh chi nhánh.",Giao hàng
Highlands Coffee có giao hàng tận nơi không? Cảm ơn shop.,"Có, đặt qua app Highlands Coffee, GrabFood, ShopeeFood hoặc Baemin, giao trong bán kính 3km quanh chi nhánh.",Giao hàng
Mình muốn biết highlands Coffee có giao hàng tận nơi không?,"Có, đặt qua app Highlands Coffee, GrabFood, ShopeeFood hoặc Baemin, giao trong bán kính 3km quanh chi nhánh.",Giao hàng
Xin hỏi highlands Coffee có giao hàng tận nơi không?,"Có, đặt qua app Highlands Coffee, GrabFood, ShopeeFood hoặc Baemin, giao trong bán kính 3km quanh chi nhánh.",Giao hàng
Không biết highlands Coffee có giao hàng tận nơi không? vậy ạ?,"Có, đặt qua app Highlands Coffee, GrabFood, ShopeeFood hoặc Baemin, giao trong bán kính 3km quanh chi nhánh.",Giao hàng
Highlands Coffee có giao hàng tận nơi không? (hỏi giúp bạn mình),"Có, đặt qua app Highlands Coffee, GrabFood, ShopeeFood hoặc Baemin, giao trong bán kính 3km quanh chi nhánh.",Giao hàng
Làm ơn cho hỏi highlands Coffee có giao hàng tận nơi không?,"Có, đặt qua app Highlands Coffee, GrabFood, ShopeeFood hoặc Baemin, giao trong bán kính 3km quanh chi nhánh.",Giao hàng
Làm sao để đăng ký thành viên tích điểm?,"Tải app Highlands Coffee, đăng ký tài khoản bằng số điện thoại để tích điểm và nhận ưu đãi sinh nhật.",Thành viên
Cho em hỏi làm sao để đăng ký thành viên tích điểm?,"Tải app Highlands Coffee, đăng ký tài khoản bằng số điện thoại để tích điểm và nhận ưu đãi sinh nhật.",Thành viên
"Anh/chị ơi, làm sao để đăng ký thành viên tích điểm?","Tải app Highlands Coffee, đăng ký tài khoản bằng số điện thoại để tích điểm và nhận ưu đãi sinh nhật.",Thành viên
"Excuse me, Làm sao để đăng ký thành viên tích điểm?","Tải app Highlands Coffee, đăng ký tài khoản bằng số điện thoại để tích điểm và nhận ưu đãi sinh nhật.",Thành viên
Làm sao để đăng ký thành viên tích điểm? Cảm ơn shop.,"Tải app Highlands Coffee, đăng ký tài khoản bằng số điện thoại để tích điểm và nhận ưu đãi sinh nhật.",Thành viên
Mình muốn biết làm sao để đăng ký thành viên tích điểm?,"Tải app Highlands Coffee, đăng ký tài khoản bằng số điện thoại để tích điểm và nhận ưu đãi sinh nhật.",Thành viên
Xin hỏi làm sao để đăng ký thành viên tích điểm?,"Tải app Highlands Coffee, đăng ký tài khoản bằng số điện thoại để tích điểm và nhận ưu đãi sinh nhật.",Thành viên
Không biết làm sao để đăng ký thành viên tích điểm? vậy ạ?,"Tải app Highlands Coffee, đăng ký tài khoản bằng số điện thoại để tích điểm và nhận ưu đãi sinh nhật.",Thành viên
Làm sao để đăng ký thành viên tích điểm? (hỏi giúp bạn mình),"Tải app Highlands Coffee, đăng ký tài khoản bằng số điện thoại để tích điểm và nhận ưu đãi sinh nhật.",Thành viên
Làm ơn cho hỏi làm sao để đăng ký thành viên tích điểm?,"Tải app Highlands Coffee, đăng ký tài khoản bằng số điện thoại để tích điểm và nhận ưu đãi sinh nhật.",Thành viên
Món nào có chứa các loại hạt hoặc gây dị ứng phổ biến?,"Một số bánh có chứa hạt (óc chó, hạnh nhân) — vui lòng hỏi nhân viên trước khi gọi món nếu bạn dị ứng.",Dị ứng
Cho em hỏi món nào có chứa các loại hạt hoặc gây dị ứng phổ biến?,"Một số bánh có chứa hạt (óc chó, hạnh nhân) — vui lòng hỏi nhân viên trước khi gọi món nếu bạn dị ứng.",Dị ứng
"Anh/chị ơi, món nào có chứa các loại hạt hoặc gây dị ứng phổ biến?","Một số bánh có chứa hạt (óc chó, hạnh nhân) — vui lòng hỏi nhân viên trước khi gọi món nếu bạn dị ứng.",Dị ứng
"Excuse me, Món nào có chứa các loại hạt hoặc gây dị ứng phổ biến?","Một số bánh có chứa hạt (óc chó, hạnh nhân) — vui lòng hỏi nhân viên trước khi gọi món nếu bạn dị ứng.",Dị ứng
Món nào có chứa các loại hạt hoặc gây dị ứng phổ biến? Cảm ơn shop.,"Một số bánh có chứa hạt (óc chó, hạnh nhân) — vui lòng hỏi nhân viên trước khi gọi món nếu bạn dị ứng.",Dị ứng
Mình muốn biết món nào có chứa các loại hạt hoặc gây dị ứng phổ biến?,"Một số bánh có chứa hạt (óc chó, hạnh nhân) — vui lòng hỏi nhân viên trước khi gọi món nếu bạn dị ứng.",Dị ứng
Xin hỏi món nào có chứa các loại hạt hoặc gây dị ứng phổ biến?,"Một số bánh có chứa hạt (óc chó, hạnh nhân) — vui lòng hỏi nhân viên trước khi gọi món nếu bạn dị ứng.",Dị ứng
Không biết món nào có chứa các loại hạt hoặc gây dị ứng phổ biến? vậy ạ?,"Một số bánh có chứa hạt (óc chó, hạnh nhân) — vui lòng hỏi nhân viên trước khi gọi món nếu bạn dị ứng.",Dị ứng
Món nào có chứa các loại hạt hoặc gây dị ứng phổ biến? (hỏi giúp bạn mình),"Một số bánh có chứa hạt (óc chó, hạnh nhân) — vui lòng hỏi nhân viên trước khi gọi món nếu bạn dị ứng.",Dị ứng
Làm ơn cho hỏi món nào có chứa các loại hạt hoặc gây dị ứng phổ biến?,"Một số bánh có chứa hạt (óc chó, hạnh nhân) — vui lòng hỏi nhân viên trước khi gọi món nếu bạn dị ứng.",Dị ứng
Hiện tại quán có chương trình khuyến mãi gì không?,"Chương trình khuyến mãi thay đổi theo tháng, cập nhật trên app và fanpage chính thức Highlands Coffee.",Khuyến mãi
Cho em hỏi hiện tại quán có chương trình khuyến mãi gì không?,"Chương trình khuyến mãi thay đổi theo tháng, cập nhật trên app và fanpage chính thức Highlands Coffee.",Khuyến mãi
"Anh/chị ơi, hiện tại quán có chương trình khuyến mãi gì không?","Chương trình khuyến mãi thay đổi theo tháng, cập nhật trên app và fanpage chính thức Highlands Coffee.",Khuyến mãi
"Excuse me, Hiện tại quán có chương trình khuyến mãi gì không?","Chương trình khuyến mãi thay đổi theo tháng, cập nhật trên app và fanpage chính thức Highlands Coffee.",Khuyến mãi
Hiện tại quán có chương trình khuyến mãi gì không? Cảm ơn shop.,"Chương trình khuyến mãi thay đổi theo tháng, cập nhật trên app và fanpage chính thức Highlands Coffee.",Khuyến mãi
Mình muốn biết hiện tại quán có chương trình khuyến mãi gì không?,"Chương trình khuyến mãi thay đổi theo tháng, cập nhật trên app và fanpage chính thức Highlands Coffee.",Khuyến mãi
Xin hỏi hiện tại quán có chương trình khuyến mãi gì không?,"Chương trình khuyến mãi thay đổi theo tháng, cập nhật trên app và fanpage chính thức Highlands Coffee.",Khuyến mãi
Không biết hiện tại quán có chương trình khuyến mãi gì không? vậy ạ?,"Chương trình khuyến mãi thay đổi theo tháng, cập nhật trên app và fanpage chính thức Highlands Coffee.",Khuyến mãi
Hiện tại quán có chương trình khuyến mãi gì không? (hỏi giúp bạn mình),"Chương trình khuyến mãi thay đổi theo tháng, cập nhật trên app và fanpage chính thức Highlands Coffee.",Khuyến mãi
Làm ơn cho hỏi hiện tại quán có chương trình khuyến mãi gì không?,"Chương trình khuyến mãi thay đổi theo tháng, cập nhật trên app và fanpage chính thức Highlands Coffee.",Khuyến mãi
Muốn mở nhượng quyền Highlands Coffee thì liên hệ ai?,"Liên hệ bộ phận phát triển nhượng quyền qua website chính thức, mục 'Franchise' hoặc email hợp tác kinh doanh.",Nhượng quyền
Cho em hỏi muốn mở nhượng quyền Highlands Coffee thì liên hệ ai?,"Liên hệ bộ phận phát triển nhượng quyền qua website chính thức, mục 'Franchise' hoặc email hợp tác kinh doanh.",Nhượng quyền
"Anh/chị ơi, muốn mở nhượng quyền Highlands Coffee thì liên hệ ai?","Liên hệ bộ phận phát triển nhượng quyền qua website chính thức, mục 'Franchise' hoặc email hợp tác kinh doanh.",Nhượng quyền
"Excuse me, Muốn mở nhượng quyền Highlands Coffee thì liên hệ ai?","Liên hệ bộ phận phát triển nhượng quyền qua website chính thức, mục 'Franchise' hoặc email hợp tác kinh doanh.",Nhượng quyền
Muốn mở nhượng quyền Highlands Coffee thì liên hệ ai? Cảm ơn shop.,"Liên hệ bộ phận phát triển nhượng quyền qua website chính thức, mục 'Franchise' hoặc email hợp tác kinh doanh.",Nhượng quyền
Mình muốn biết muốn mở nhượng quyền Highlands Coffee thì liên hệ ai?,"Liên hệ bộ phận phát triển nhượng quyền qua website chính thức, mục 'Franchise' hoặc email hợp tác kinh doanh.",Nhượng quyền
Xin hỏi muốn mở nhượng quyền Highlands Coffee thì liên hệ ai?,"Liên hệ bộ phận phát triển nhượng quyền qua website chính thức, mục 'Franchise' hoặc email hợp tác kinh doanh.",Nhượng quyền
Không biết muốn mở nhượng quyền Highlands Coffee thì liên hệ ai? vậy ạ?,"Liên hệ bộ phận phát triển nhượng quyền qua website chính thức, mục 'Franchise' hoặc email hợp tác kinh doanh.",Nhượng quyền
Muốn mở nhượng quyền Highlands Coffee thì liên hệ ai? (hỏi giúp bạn mình),"Liên hệ bộ phận phát triển nhượng quyền qua website chính thức, mục 'Franchise' hoặc email hợp tác kinh doanh.",Nhượng quyền
Làm ơn cho hỏi muốn mở nhượng quyền Highlands Coffee thì liên hệ ai?,"Liên hệ bộ phận phát triển nhượng quyền qua website chính thức, mục 'Franchise' hoặc email hợp tác kinh doanh.",Nhượng quyền
Muốn phản ánh chất lượng phục vụ thì làm sao?,"Bạn có thể phản ánh qua hotline chăm sóc khách hàng hoặc mục 'Liên hệ' trên app, đội ngũ sẽ phản hồi trong 24h.",Khiếu nại
Cho em hỏi muốn phản ánh chất lượng phục vụ thì làm sao?,"Bạn có thể phản ánh qua hotline chăm sóc khách hàng hoặc mục 'Liên hệ' trên app, đội ngũ sẽ phản hồi trong 24h.",Khiếu nại
"Anh/chị ơi, muốn phản ánh chất lượng phục vụ thì làm sao?","Bạn có thể phản ánh qua hotline chăm sóc khách hàng hoặc mục 'Liên hệ' trên app, đội ngũ sẽ phản hồi trong 24h.",Khiếu nại
"Excuse me, Muốn phản ánh chất lượng phục vụ thì làm sao?","Bạn có thể phản ánh qua hotline chăm sóc khách hàng hoặc mục 'Liên hệ' trên app, đội ngũ sẽ phản hồi trong 24h.",Khiếu nại
Muốn phản ánh chất lượng phục vụ thì làm sao? Cảm ơn shop.,"Bạn có thể phản ánh qua hotline chăm sóc khách hàng hoặc mục 'Liên hệ' trên app, đội ngũ sẽ phản hồi trong 24h.",Khiếu nại
Mình muốn biết muốn phản ánh chất lượng phục vụ thì làm sao?,"Bạn có thể phản ánh qua hotline chăm sóc khách hàng hoặc mục 'Liên hệ' trên app, đội ngũ sẽ phản hồi trong 24h.",Khiếu nại
Xin hỏi muốn phản ánh chất lượng phục vụ thì làm sao?,"Bạn có thể phản ánh qua hotline chăm sóc khách hàng hoặc mục 'Liên hệ' trên app, đội ngũ sẽ phản hồi trong 24h.",Khiếu nại
Không biết muốn phản ánh chất lượng phục vụ thì làm sao? vậy ạ?,"Bạn có thể phản ánh qua hotline chăm sóc khách hàng hoặc mục 'Liên hệ' trên app, đội ngũ sẽ phản hồi trong 24h.",Khiếu nại
Muốn phản ánh chất lượng phục vụ thì làm sao? (hỏi giúp bạn mình),"Bạn có thể phản ánh qua hotline chăm sóc khách hàng hoặc mục 'Liên hệ' trên app, đội ngũ sẽ phản hồi trong 24h.",Khiếu nại
Làm ơn cho hỏi muốn phản ánh chất lượng phục vụ thì làm sao?,"Bạn có thể phản ánh qua hotline chăm sóc khách hàng hoặc mục 'Liên hệ' trên app, đội ngũ sẽ phản hồi trong 24h.",Khiếu nại
"Quán có phòng máy lạnh, có wifi mạnh để làm việc không?","Hầu hết chi nhánh đều có máy lạnh, wifi tốc độ cao, phù hợp học tập và làm việc nhóm.",Không gian
"Cho em hỏi quán có phòng máy lạnh, có wifi mạnh để làm việc không?","Hầu hết chi nhánh đều có máy lạnh, wifi tốc độ cao, phù hợp học tập và làm việc nhóm.",Không gian
"Anh/chị ơi, quán có phòng máy lạnh, có wifi mạnh để làm việc không?","Hầu hết chi nhánh đều có máy lạnh, wifi tốc độ cao, phù hợp học tập và làm việc nhóm.",Không gian
"Excuse me, Quán có phòng máy lạnh, có wifi mạnh để làm việc không?","Hầu hết chi nhánh đều có máy lạnh, wifi tốc độ cao, phù hợp học tập và làm việc nhóm.",Không gian
"Quán có phòng máy lạnh, có wifi mạnh để làm việc không? Cảm ơn shop.","Hầu hết chi nhánh đều có máy lạnh, wifi tốc độ cao, phù hợp học tập và làm việc nhóm.",Không gian
"Mình muốn biết quán có phòng máy lạnh, có wifi mạnh để làm việc không?","Hầu hết chi nhánh đều có máy lạnh, wifi tốc độ cao, phù hợp học tập và làm việc nhóm.",Không gian
"Xin hỏi quán có phòng máy lạnh, có wifi mạnh để làm việc không?","Hầu hết chi nhánh đều có máy lạnh, wifi tốc độ cao, phù hợp học tập và làm việc nhóm.",Không gian
"Không biết quán có phòng máy lạnh, có wifi mạnh để làm việc không? vậy ạ?","Hầu hết chi nhánh đều có máy lạnh, wifi tốc độ cao, phù hợp học tập và làm việc nhóm.",Không gian
"Quán có phòng máy lạnh, có wifi mạnh để làm việc không? (hỏi giúp bạn mình)","Hầu hết chi nhánh đều có máy lạnh, wifi tốc độ cao, phù hợp học tập và làm việc nhóm.",Không gian
"Làm ơn cho hỏi quán có phòng máy lạnh, có wifi mạnh để làm việc không?","Hầu hết chi nhánh đều có máy lạnh, wifi tốc độ cao, phù hợp học tập và làm việc nhóm.",Không gian
"Quán có ghế cho trẻ em, có món cho bé không?",Một số chi nhánh có ghế cao cho trẻ em; menu có các loại trà trái cây ít cafein phù hợp cho bé.,Trẻ em
"Cho em hỏi quán có ghế cho trẻ em, có món cho bé không?",Một số chi nhánh có ghế cao cho trẻ em; menu có các loại trà trái cây ít cafein phù hợp cho bé.,Trẻ em
"Anh/chị ơi, quán có ghế cho trẻ em, có món cho bé không?",Một số chi nhánh có ghế cao cho trẻ em; menu có các loại trà trái cây ít cafein phù hợp cho bé.,Trẻ em
"Excuse me, Quán có ghế cho trẻ em, có món cho bé không?",Một số chi nhánh có ghế cao cho trẻ em; menu có các loại trà trái cây ít cafein phù hợp cho bé.,Trẻ em
"Quán có ghế cho trẻ em, có món cho bé không? Cảm ơn shop.",Một số chi nhánh có ghế cao cho trẻ em; menu có các loại trà trái cây ít cafein phù hợp cho bé.,Trẻ em
"Mình muốn biết quán có ghế cho trẻ em, có món cho bé không?",Một số chi nhánh có ghế cao cho trẻ em; menu có các loại trà trái cây ít cafein phù hợp cho bé.,Trẻ em
"Xin hỏi quán có ghế cho trẻ em, có món cho bé không?",Một số chi nhánh có ghế cao cho trẻ em; menu có các loại trà trái cây ít cafein phù hợp cho bé.,Trẻ em
"Không biết quán có ghế cho trẻ em, có món cho bé không? vậy ạ?",Một số chi nhánh có ghế cao cho trẻ em; menu có các loại trà trái cây ít cafein phù hợp cho bé.,Trẻ em
"Quán có ghế cho trẻ em, có món cho bé không? (hỏi giúp bạn mình)",Một số chi nhánh có ghế cao cho trẻ em; menu có các loại trà trái cây ít cafein phù hợp cho bé.,Trẻ em
"Làm ơn cho hỏi quán có ghế cho trẻ em, có món cho bé không?",Một số chi nhánh có ghế cao cho trẻ em; menu có các loại trà trái cây ít cafein phù hợp cho bé.,Trẻ em
Có được mang thú cưng vào quán không?,"Tùy chi nhánh, một số cửa hàng có khu vực ngoài trời cho phép mang thú cưng, vui lòng hỏi nhân viên tại chỗ.",Thú cưng
Cho em hỏi có được mang thú cưng vào quán không?,"Tùy chi nhánh, một số cửa hàng có khu vực ngoài trời cho phép mang thú cưng, vui lòng hỏi nhân viên tại chỗ.",Thú cưng
"Anh/chị ơi, có được mang thú cưng vào quán không?","Tùy chi nhánh, một số cửa hàng có khu vực ngoài trời cho phép mang thú cưng, vui lòng hỏi nhân viên tại chỗ.",Thú cưng
"Excuse me, Có được mang thú cưng vào quán không?","Tùy chi nhánh, một số cửa hàng có khu vực ngoài trời cho phép mang thú cưng, vui lòng hỏi nhân viên tại chỗ.",Thú cưng
Có được mang thú cưng vào quán không? Cảm ơn shop.,"Tùy chi nhánh, một số cửa hàng có khu vực ngoài trời cho phép mang thú cưng, vui lòng hỏi nhân viên tại chỗ.",Thú cưng
Mình muốn biết có được mang thú cưng vào quán không?,"Tùy chi nhánh, một số cửa hàng có khu vực ngoài trời cho phép mang thú cưng, vui lòng hỏi nhân viên tại chỗ.",Thú cưng
Xin hỏi có được mang thú cưng vào quán không?,"Tùy chi nhánh, một số cửa hàng có khu vực ngoài trời cho phép mang thú cưng, vui lòng hỏi nhân viên tại chỗ.",Thú cưng
Không biết có được mang thú cưng vào quán không? vậy ạ?,"Tùy chi nhánh, một số cửa hàng có khu vực ngoài trời cho phép mang thú cưng, vui lòng hỏi nhân viên tại chỗ.",Thú cưng
Có được mang thú cưng vào quán không? (hỏi giúp bạn mình),"Tùy chi nhánh, một số cửa hàng có khu vực ngoài trời cho phép mang thú cưng, vui lòng hỏi nhân viên tại chỗ.",Thú cưng
Làm ơn cho hỏi có được mang thú cưng vào quán không?,"Tùy chi nhánh, một số cửa hàng có khu vực ngoài trời cho phép mang thú cưng, vui lòng hỏi nhân viên tại chỗ.",Thú cưng
Có thể thuê không gian quán để tổ chức sự kiện nhỏ không?,"Một số chi nhánh lớn nhận đặt chỗ tổ chức họp nhóm, sự kiện nhỏ, cần liên hệ trước qua quản lý chi nhánh.",Sự kiện
Cho em hỏi có thể thuê không gian quán để tổ chức sự kiện nhỏ không?,"Một số chi nhánh lớn nhận đặt chỗ tổ chức họp nhóm, sự kiện nhỏ, cần liên hệ trước qua quản lý chi nhánh.",Sự kiện
"Anh/chị ơi, có thể thuê không gian quán để tổ chức sự kiện nhỏ không?","Một số chi nhánh lớn nhận đặt chỗ tổ chức họp nhóm, sự kiện nhỏ, cần liên hệ trước qua quản lý chi nhánh.",Sự kiện
"Excuse me, Có thể thuê không gian quán để tổ chức sự kiện nhỏ không?","Một số chi nhánh lớn nhận đặt chỗ tổ chức họp nhóm, sự kiện nhỏ, cần liên hệ trước qua quản lý chi nhánh.",Sự kiện
Có thể thuê không gian quán để tổ chức sự kiện nhỏ không? Cảm ơn shop.,"Một số chi nhánh lớn nhận đặt chỗ tổ chức họp nhóm, sự kiện nhỏ, cần liên hệ trước qua quản lý chi nhánh.",Sự kiện
Mình muốn biết có thể thuê không gian quán để tổ chức sự kiện nhỏ không?,"Một số chi nhánh lớn nhận đặt chỗ tổ chức họp nhóm, sự kiện nhỏ, cần liên hệ trước qua quản lý chi nhánh.",Sự kiện
Xin hỏi có thể thuê không gian quán để tổ chức sự kiện nhỏ không?,"Một số chi nhánh lớn nhận đặt chỗ tổ chức họp nhóm, sự kiện nhỏ, cần liên hệ trước qua quản lý chi nhánh.",Sự kiện
Không biết có thể thuê không gian quán để tổ chức sự kiện nhỏ không? vậy ạ?,"Một số chi nhánh lớn nhận đặt chỗ tổ chức họp nhóm, sự kiện nhỏ, cần liên hệ trước qua quản lý chi nhánh.",Sự kiện
Có thể thuê không gian quán để tổ chức sự kiện nhỏ không? (hỏi giúp bạn mình),"Một số chi nhánh lớn nhận đặt chỗ tổ chức họp nhóm, sự kiện nhỏ, cần liên hệ trước qua quản lý chi nhánh.",Sự kiện
Làm ơn cho hỏi có thể thuê không gian quán để tổ chức sự kiện nhỏ không?,"Một số chi nhánh lớn nhận đặt chỗ tổ chức họp nhóm, sự kiện nhỏ, cần liên hệ trước qua quản lý chi nhánh.",Sự kiện
